,#,Activo,C&P,Día,Fecha / Hora,Fecha / Hora de Cierre,T. Op,Dia LIVE,Tiempo D/R,Deposito,Retiro,#Cont,STRK Buy,STRK Sell,Profit,% Profit. Op,Profit Tot.,DD/Max,Profit T.,IV Rank,% Alcanzado,Profit Alcanzado,% Media,Profit Media,Plan A,Plan B,#REF!,Puntuacion,Foto. Entrada,Unnamed: 29
0,0,DEP,,Lu,2025-03-03T00:00:00.000,2025-03-03T01:40:00.000,,,0d 1h 40m,1000,,,,,1000,,1000,,0%,,,1000.00,,1000.00,,,,,,
1,1,DEP,,Lu,2025-03-03T00:00:00.000,2025-03-03T01:40:00.000,,,0d 1h 40m,30,,,,,30,,1030,3.00%,+3.00%,,300%,1000.00,200%,1000.00,,,,,,.
2,2,DEP,,Ma,2025-03-04T00:00:00.000,2025-03-04T07:55:00.000,,,0d 7h 55m,50,,,,,50,,1080,4.85%,+4.85%,0%,500%,1000.00,200%,1000.00,,,,,https://docs.google.com/spreadsheets/d/1z3M9IG6evDPIIG5SmvLFTCjI7Q7DRUhqIW9r6kbkHSk/edit?usp=sharing,.
3,3,SPY,CALL,Mi,2025-03-05T00:00:00.000,2025-03-05T01:59:00.000,0d 1h 59m,,,,,1,36,72,36,100.00%,1116,3.33%,+3.33%,0%,500%,1180.00,200%,1072.00,,,,,https://docs.google.com/spreadsheets/d/1Pi5Gx2IPQfMpLWZmDDg4-3I5euInRrE8VdXW3BJhBuQ/edit?usp=sharing,.
4,4,SPY,PUT,Ju,2025-03-06T00:00:00.000,2025-03-06T16:10:00.000,0d 16h 10m,,,,,1,36,72,36,100.00%,1152,3.23%,+3.23%,0%,500%,1360.00,200%,1144.00,,,,,,.
5,5,SPY,CALL,Vi,2025-03-07T00:00:00.000,2025-03-07T15:24:00.000,0d 15h 24m,,,,,1,36,18,-18,-50.00%,1134,-1.56%,-1.56%,0%,300%,1468.00,200%,1216.00,,,,,https://docs.google.com/spreadsheets/d/1rJLKPetJibLkPl6XN3hpx2OqB6fv33O49IvAKcXUNIo/edit?usp=sharing,.
6,6,SPY,CALL,Lu,2025-03-10T00:00:00.000,2025-03-10T19:57:00.000,0d 19h 57m,,,,,1,36,72,36,100.00%,1170,1.56%,+3.17%,50%,300%,1576.00,200%,1288.00,,,,,https://docs.google.com/spreadsheets/d/1z4qZIFYclUKnx7imNLpy3oCMdsPBLSnA9TuHm_dpykA/edit?usp=sharing,.
7,7,SPY,CALL,Ma,2025-03-11T00:00:00.000,2025-03-11T06:55:00.000,0d 6h 55m,,,,,1,36,72,36,100.00%,1206,3.08%,+3.08%,,100%,1612.00,200%,1360.00,,,,,,.
8,8,SPY,CALL,Mi,2025-03-12T00:00:00.000,2025-03-12T02:40:00.000,0d 2h 40m,,,,,1,36,72,36,100.00%,1242,2.99%,+2.99%,,300%,1720.00,200%,1432.00,,,,,,.
9,9,SPY,CALL,Ju,2025-03-13T00:00:00.000,2025-03-13T20:18:00.000,0d 20h 18m,,,,,1,36,72,36,100.00%,1278,2.90%,+2.90%,,80%,1748.80,200%,1504.00,,,,,,.
10,10,SPY,CALL,Vi,2025-03-14T00:00:00.000,2025-03-14T12:02:00.000,0d 12h 02m,,,,,1,36,36,0,0.00%,1278,0.00%,0%,,300%,1856.80,200%,1576.00,,,,,,
11,11,SPY,CALL,Lu,2025-03-17T00:00:00.000,2025-03-17T03:15:00.000,0d 3h 15m,,,,,1,36,72,36,100.00%,1314,2.82%,+2.82%,,100%,1892.80,200%,1648.00,,,,,,
12,12,SPY,CALL,Ma,2025-03-18T00:00:00.000,2025-03-18T00:43:00.000,0d 0h 43m,,,,,1,36,0,-36,-100.00%,1278,-2.74%,-2.74%,,300%,2000.80,200%,1720.00,,,,,,
13,13,SPY,CALL,Mi,2025-03-19T00:00:00.000,2025-03-19T19:49:00.000,0d 19h 49m,,,,,1,36,36,0,0.00%,1278,-2.74%,0%,,80%,2029.60,200%,1792.00,,,,,,
14,14,SPY,CALL,Ju,2025-03-20T00:00:00.000,2025-03-20T08:48:00.000,0d 8h 48m,,,,,1,36,54,18,50.00%,1296,-1.37%,+1.41%,,500%,2209.60,200%,1864.00,,,,,,
15,15,SPY,CALL,Vi,2025-03-21T00:00:00.000,2025-03-21T05:04:00.000,0d 5h 04m,,,,,1,36,72,36,100.00%,1332,1.37%,+2.78%,,500%,2389.60,200%,1936.00,,,,,,
16,16,SPY,CALL,Lu,2025-03-24T00:00:00.000,2025-03-24T12:14:00.000,0d 12h 14m,,,,,1,36,72,36,100.00%,1368,2.70%,+2.70%,,500%,2569.60,200%,2008.00,,,,,,
17,17,SPY,CALL,Ma,2025-03-25T00:00:00.000,2025-03-25T14:30:00.000,0d 14h 30m,,,,,1,36,36,0,0.00%,1368,0.00%,0%,,300%,2677.60,200%,2080.00,,,,,,
18,18,SPY,CALL,Mi,2025-03-26T00:00:00.000,2025-03-26T08:40:00.000,0d 8h 40m,,,,,1,36,0,-36,-100.00%,1332,-2.63%,-2.63%,,300%,2785.60,200%,2152.00,,,,,,
19,19,SPY,PUT,Ju,2025-03-27T00:00:00.000,2025-03-27T09:18:00.000,0d 9h 18m,,,,,1,36,0,-36,-100.00%,1296,-5.26%,-2.70%,,100%,2821.60,200%,2224.00,,,,,,
20,20,SPY,CALL,Vi,2025-03-28T00:00:00.000,2025-03-28T19:42:00.000,0d 19h 42m,,,,,1,36,36,0,0.00%,1296,-5.26%,0%,,300%,2929.60,200%,2296.00,,,,,,
21,21,SPY,CALL,Lu,2025-03-31T00:00:00.000,2025-03-31T08:22:00.000,0d 8h 22m,,,,,1,36,72,36,100.00%,1332,-2.63%,+2.78%,,80%,2958.40,200%,2368.00,,,,,,
22,22,SPY,CALL,Ma,2025-04-01T00:00:00.000,2025-04-01T00:50:00.000,0d 0h 50m,,,,,1,36,42,6,16.67%,1338,-2.19%,+0.45%,,300%,3066.40,200%,2440.00,,,,,,
23,23,SPY,PUT,Mi,2025-04-02T00:00:00.000,2025-04-02T00:56:00.000,0d 0h 56m,,,,,1,36,72,36,100.00%,1374,0.44%,+2.69%,,100%,3102.40,200%,2512.00,,,,,,
24,24,SPY,CALL,Ju,2025-04-03T00:00:00.000,2025-04-03T18:29:00.000,0d 18h 29m,,,,,1,36,72,36,100.00%,1410,2.62%,+2.62%,,300%,3210.40,200%,2584.00,,,,,,
25,25,SPY,CALL,Vi,2025-04-04T00:00:00.000,2025-04-04T02:48:00.000,0d 2h 48m,,,,,1,36,0,-36,-100.00%,1374,-2.55%,-2.55%,,80%,3239.20,200%,2656.00,,,,,,
26,26,SPY,CALL,Lu,2025-04-07T00:00:00.000,2025-04-07T21:49:00.000,0d 21h 49m,,,,,1,36,0,-36,-100.00%,1338,-5.11%,-2.62%,,182%,3304.72,200%,2728.00,,,,,,
27,27,SPY,CALL,Ma,2025-04-08T00:00:00.000,2025-04-08T13:56:00.000,0d 13h 56m,,,,,1,36,72,36,100.00%,1374,-2.55%,+2.69%,,174%,3367.36,200%,2800.00,,,,,,
28,28,SPY,CALL,Mi,2025-04-09T00:00:00.000,2025-04-09T19:35:00.000,0d 19h 35m,,,,,1,36,54,18,50.00%,1392,-1.28%,+1.31%,,166%,3427.12,200%,2872.00,,,,,,
29,29,SPY,CALL,Ju,2025-04-10T00:00:00.000,2025-04-10T15:50:00.000,0d 15h 50m,,,,,1,36,0,-36,-100.00%,1356,-3.83%,-2.59%,,159%,3484.36,200%,2944.00,,,,,,
30,30,SPY,CALL,Vi,2025-04-11T00:00:00.000,2025-04-11T17:46:00.000,0d 17h 46m,,,,,1,36,0,-36,-100.00%,1320,-6.38%,-2.65%,,151%,3538.72,200%,3016.00,,,,,,
31,31,SPY,CALL,Lu,2025-04-14T00:00:00.000,2025-04-14T06:40:00.000,0d 6h 40m,,,,,1,30,15,-15,-50.00%,1305,-7.45%,-1.14%,,143%,3581.62,200%,3076.00,,,,,,
32,32,SPY,CALL,Ma,2025-04-15T00:00:00.000,2025-04-15T23:57:00.000,0d 23h 57m,,,,,1,30,30,0,0.00%,1305,-7.45%,0%,,136%,3622.42,200%,3136.00,,,,,,
33,33,SPY,CALL,Mi,2025-04-16T00:00:00.000,2025-04-16T02:52:00.000,0d 2h 52m,,,,,1,30,60,30,100.00%,1335,-5.32%,+2.30%,,128%,3660.82,200%,3196.00,,,,,,
34,34,SPY,CALL,Ju,2025-04-17T00:00:00.000,2025-04-17T16:43:00.000,0d 16h 43m,,,,,1,30,60,30,100.00%,1365,-3.19%,+2.25%,,121%,3697.12,200%,3256.00,,,,,,
35,35,SPY,CALL,Vi,2025-04-18T00:00:00.000,2025-04-18T10:06:00.000,0d 10h 06m,,,,,1,60,60,0,0.00%,1365,-3.19%,0%,,113%,3764.92,200%,3376.00,,,,,,
36,36,SPY,CALL,Lu,2025-04-21T00:00:00.000,2025-04-21T10:44:00.000,0d 10h 44m,,,,,1,60,120,60,100.00%,1425,1.06%,+4.40%,,105%,3827.92,200%,3496.00,,,,,,
37,37,SPY,PUT,Ma,2025-04-22T00:00:00.000,2025-04-22T16:47:00.000,0d 16h 47m,,,,,1,60,120,60,100.00%,1485,4.21%,+4.21%,,300%,4007.92,200%,3616.00,,,,,,
38,38,SPY,CALL,Mi,2025-04-23T00:00:00.000,2025-04-23T04:26:00.000,0d 4h 26m,,,,,1,60,90,30,50.00%,1515,2.02%,+2.02%,,500%,4307.92,200%,3736.00,,,,,,
39,39,SPY,CALL,Ju,2025-04-24T00:00:00.000,2025-04-24T06:23:00.000,0d 6h 23m,,,,,1,60,60,0,0.00%,1515,0.00%,0%,,500%,4607.92,200%,3856.00,,,,,,
40,40,SPY,PUT,Vi,2025-04-25T00:00:00.000,2025-04-25T15:36:00.000,0d 15h 36m,,,,,1,60,60,0,0.00%,1515,0.00%,0%,,500%,4907.92,200%,3976.00,,,,,,
41,41,SPY,CALL,Lu,2025-04-28T00:00:00.000,2025-04-28T17:48:00.000,0d 17h 48m,,,,,1,60,120,60,100.00%,1575,3.96%,+3.96%,,300%,5087.92,200%,4096.00,,,,,,
42,42,SPY,CALL,Ma,2025-04-29T00:00:00.000,2025-04-29T05:45:00.000,0d 5h 45m,,,,,1,60,120,60,100.00%,1635,3.81%,+3.81%,,300%,5267.92,200%,4216.00,,,,,,
43,43,SPY,CALL,Mi,2025-04-30T00:00:00.000,2025-04-30T15:06:00.000,0d 15h 06m,,,,,1,30,60,30,100.00%,1665,1.83%,+1.83%,,100%,5297.92,200%,4276.00,,,,,,
44,44,SPY,CALL,Ju,2025-05-01T00:00:00.000,2025-05-01T14:24:00.000,0d 14h 24m,,,,,1,30,60,30,100.00%,1695,1.80%,+1.80%,,300%,5387.92,200%,4336.00,,,,,,
45,45,SPY,CALL,Vi,2025-05-02T00:00:00.000,2025-05-02T20:09:00.000,0d 20h 09m,,,,,1,30,60,30,100.00%,1725,1.77%,+1.77%,,80%,5411.92,200%,4396.00,,,,,,
46,46,SPY,PUT,Lu,2025-05-05T00:00:00.000,2025-05-05T17:44:00.000,0d 17h 44m,,,,,1,30,60,30,100.00%,1755,1.74%,+1.74%,,300%,5501.92,200%,4456.00,,,,,,
47,47,SPY,CALL,Ma,2025-05-06T00:00:00.000,2025-05-06T20:14:00.000,0d 20h 14m,,,,,1,30,30,0,0.00%,1755,0.00%,0%,,100%,5531.92,200%,4516.00,,,,,,
48,48,SPY,PUT,Mi,2025-05-07T00:00:00.000,2025-05-07T22:36:00.000,0d 22h 36m,,,,,1,30,30,0,0.00%,1755,0.00%,0%,,300%,5621.92,200%,4576.00,,,,,,
49,49,SPY,PUT,Ju,2025-05-08T00:00:00.000,2025-05-08T19:01:00.000,0d 19h 01m,,,,,1,30,30,0,0.00%,1755,0.00%,0%,,80%,5645.92,200%,4636.00,,,,,,
50,50,SPY,CALL,Vi,2025-05-09T00:00:00.000,2025-05-09T22:13:00.000,0d 22h 13m,,,,,1,30,45,15,50.00%,1770,0.85%,+0.85%,,500%,5795.92,200%,4696.00,,,,,,
51,51,SPY,PUT,Lu,2025-05-12T00:00:00.000,2025-05-12T07:09:00.000,0d 7h 09m,,,,,1,30,0,-30,-100.00%,1740,-1.69%,-1.69%,,500%,5945.92,200%,4756.00,,,,,,
52,52,SPY,CALL,Ma,2025-05-13T00:00:00.000,2025-05-13T23:06:00.000,0d 23h 06m,,,,,1,30,0,-30,-100.00%,1710,-3.39%,-1.72%,,500%,6095.92,200%,4816.00,,,,,,
53,53,SPY,PUT,Mi,2025-05-14T00:00:00.000,2025-05-14T08:32:00.000,0d 8h 32m,,,,,1,30,60,30,100.00%,1740,-1.69%,+1.75%,,300%,6185.92,200%,4876.00,,,,,,
54,54,SPY,CALL,Ju,2025-05-15T00:00:00.000,2025-05-15T17:39:00.000,0d 17h 39m,,,,,1,30,30,0,0.00%,1740,-1.69%,0%,,300%,6275.92,200%,4936.00,,,,,,
55,55,SPY,CALL,Vi,2025-05-16T00:00:00.000,2025-05-16T20:01:00.000,0d 20h 01m,,,,,1,30,45,15,50.00%,1755,-0.85%,+0.86%,,100%,6305.92,200%,4996.00,,,,,,
56,56,SPY,CALL,Lu,2025-05-19T00:00:00.000,2025-05-19T12:55:00.000,0d 12h 55m,,,,,1,30,30,0,0.00%,1755,-0.85%,0%,,300%,6395.92,200%,5056.00,,,,,,
57,57,SPY,CALL,Ma,2025-05-20T00:00:00.000,2025-05-20T11:16:00.000,0d 11h 16m,,,,,1,30,45,15,50.00%,1770,0.00%,+0.85%,,80%,6419.92,200%,5116.00,,,,,,
58,58,SPY,PUT,Mi,2025-05-21T00:00:00.000,2025-05-21T22:23:00.000,0d 22h 23m,,,,,1,30,15,-15,-50.00%,1755,-0.85%,-0.85%,,300%,6509.92,200%,5176.00,,,,,,
59,59,SPY,CALL,Ju,2025-05-22T00:00:00.000,2025-05-22T22:11:00.000,0d 22h 11m,,,,,1,30,45,15,50.00%,1770,0.00%,+0.85%,,100%,6539.92,200%,5236.00,,,,,,
60,60,SPY,CALL,Vi,2025-05-23T00:00:00.000,2025-05-23T01:20:00.000,0d 1h 20m,,,,,1,30,30,0,0.00%,1770,0.00%,0%,,300%,6629.92,200%,5296.00,,,,,,
61,61,SPY,PUT,Lu,2025-05-26T00:00:00.000,2025-05-26T03:12:00.000,0d 3h 12m,,,,,1,30,60,30,100.00%,1800,1.69%,+1.69%,,80%,6653.92,200%,5356.00,,,,,,
62,62,SPY,CALL,Ma,2025-05-27T00:00:00.000,2025-05-27T05:12:00.000,0d 5h 12m,,,,,1,30,60,30,100.00%,1830,1.67%,+1.67%,,182%,6708.52,200%,5416.00,,,,,,
63,63,SPY,CALL,Mi,2025-05-28T00:00:00.000,2025-05-28T07:16:00.000,0d 7h 16m,,,,,1,30,60,30,100.00%,1860,1.64%,+1.64%,,174%,6760.72,200%,5476.00,,,,,,
64,64,SPY,CALL,Ju,2025-05-29T00:00:00.000,2025-05-29T13:55:00.000,0d 13h 55m,,,,,1,30,30,0,0.00%,1860,0.00%,0%,,166%,6810.52,200%,5536.00,,,,,,
65,65,SPY,CALL,Vi,2025-05-30T00:00:00.000,2025-05-30T16:51:00.000,0d 16h 51m,,,,,1,30,60,30,100.00%,1890,1.61%,+1.61%,,159%,6858.22,200%,5596.00,,,,,,
66,66,SPY,CALL,Lu,2025-06-02T00:00:00.000,2025-06-02T17:35:00.000,0d 17h 35m,,,,,1,30,30,0,0.00%,1890,0.00%,0%,,151%,6903.52,200%,5656.00,,,,,,
67,67,SPY,CALL,Ma,2025-06-03T00:00:00.000,2025-06-03T20:22:00.000,0d 20h 22m,,,,,1,30,30,0,0.00%,1890,0.00%,0%,,100%,6933.52,200%,5716.00,,,,,,
68,68,SPY,CALL,Mi,2025-06-04T00:00:00.000,2025-06-04T04:44:00.000,0d 4h 44m,,,,,1,30,30,0,0.00%,1890,0.00%,0%,,300%,7023.52,200%,5776.00,,,,,,
69,69,SPY,CALL,Ju,2025-06-05T00:00:00.000,2025-06-05T17:07:00.000,0d 17h 07m,,,,,1,30,60,30,100.00%,1920,1.59%,+1.59%,,80%,7047.52,200%,5836.00,,,,,,
70,70,SPY,CALL,Vi,2025-06-06T00:00:00.000,2025-06-06T00:57:00.000,0d 0h 57m,,,,,1,30,60,30,100.00%,1950,1.56%,+1.56%,,300%,7137.52,200%,5896.00,,,,,,
71,71,SPY,CALL,Lu,2025-06-09T00:00:00.000,2025-06-09T15:01:00.000,0d 15h 01m,,,,,1,30,30,0,0.00%,1950,0.00%,0%,,100%,7167.52,200%,5956.00,,,,,,
72,72,SPY,CALL,Ma,2025-06-10T00:00:00.000,2025-06-10T16:26:00.000,0d 16h 26m,,,,,1,30,45,15,50.00%,1965,0.77%,+0.77%,,300%,7257.52,200%,6016.00,,,,,,
73,73,SPY,CALL,Mi,2025-06-11T00:00:00.000,2025-06-11T05:55:00.000,0d 5h 55m,,,,,1,30,60,30,100.00%,1995,1.53%,+1.53%,,80%,7281.52,200%,6076.00,,,,,,
74,74,SPY,CALL,Ju,2025-06-12T00:00:00.000,2025-06-12T14:10:00.000,0d 14h 10m,,,,,1,30,60,30,100.00%,2025,1.50%,+1.50%,,182%,7336.12,200%,6136.00,,,,,,
75,75,SPY,PUT,Vi,2025-06-13T00:00:00.000,2025-06-13T10:13:00.000,0d 10h 13m,,,,,1,30,60,30,100.00%,2055,1.48%,+1.48%,,174%,7388.32,200%,6196.00,,,,,,
76,76,SPY,CALL,Lu,2025-06-16T00:00:00.000,2025-06-16T22:14:00.000,0d 22h 14m,,,,,1,30,60,30,100.00%,2085,1.46%,+1.46%,,166%,7438.12,200%,6256.00,,,,,,
77,77,SPY,CALL,Ma,2025-06-17T00:00:00.000,2025-06-17T10:03:00.000,0d 10h 03m,,,,,1,30,60,30,100.00%,2115,1.44%,+1.44%,,159%,7485.82,200%,6316.00,,,,,,
78,78,SPY,Put,Mi,2025-06-18T00:00:00.000,2025-06-18T02:48:00.000,0d 2h 48m,,,,,1,30,15,-15,-50.00%,2100,-0.71%,-0.71%,,151%,7531.12,200%,6376.00,,,,,,
79,79,SPY,PUT,Ju,2025-06-19T00:00:00.000,2025-06-19T02:45:00.000,0d 2h 45m,,,,,1,30,30,0,0.00%,2100,-0.71%,0%,,143%,7574.02,200%,6436.00,,,,,,
80,80,SPY,CALL,Vi,2025-06-20T00:00:00.000,2025-06-20T23:22:00.000,0d 23h 22m,,,,,1,30,15,-15,-50.00%,2085,-1.42%,-0.71%,,136%,7614.82,200%,6496.00,,,,,,
81,81,SPY,CALL,Lu,2025-06-23T00:00:00.000,2025-06-23T22:40:00.000,0d 22h 40m,,,,,1,30,60,30,100.00%,2115,0.00%,+1.44%,,128%,7653.22,200%,6556.00,,,,,,
82,82,SPY,CALL,Ma,2025-06-24T00:00:00.000,2025-06-24T20:48:00.000,0d 20h 48m,,,,,1,30,60,30,100.00%,2145,1.42%,+1.42%,,121%,7689.52,200%,6616.00,,,,,,
83,83,SPY,CALL,Mi,2025-06-25T00:00:00.000,2025-06-25T00:51:00.000,0d 0h 51m,,,,,1,30,0,-30,-100.00%,2115,-1.40%,-1.40%,,113%,7723.42,200%,6676.00,,,,,,
84,84,SPY,PUT,Ju,2025-06-26T00:00:00.000,2025-06-26T15:18:00.000,0d 15h 18m,,,,,1,30,0,-30,-100.00%,2085,-2.80%,-1.42%,,105%,7754.92,200%,6736.00,,,,,,
85,85,SPY,CALL,Vi,2025-06-27T00:00:00.000,2025-06-27T05:22:00.000,0d 5h 22m,,,,,1,30,30,0,0.00%,2085,-2.80%,0%,,300%,7844.92,200%,6796.00,,,,,,
86,86,SPY,CALL,Lu,2025-06-30T00:00:00.000,2025-06-30T13:16:00.000,0d 13h 16m,,,,,1,30,60,30,100.00%,2115,-1.40%,+1.44%,,500%,7994.92,200%,6856.00,,,,,,
87,87,SPY,PUT,Ma,2025-07-01T00:00:00.000,2025-07-01T10:04:00.000,0d 10h 04m,,,,,1,30,60,30,100.00%,2145,0.00%,+1.42%,,500%,8144.92,200%,6916.00,,,,,,
88,88,SPY,PUT,Mi,2025-07-02T00:00:00.000,2025-07-02T06:36:00.000,0d 6h 36m,,,,,1,30,60,30,100.00%,2175,1.40%,+1.40%,,500%,8294.92,200%,6976.00,,,,,,
89,89,SPY,CALL,Ju,2025-07-03T00:00:00.000,2025-07-03T02:29:00.000,0d 2h 29m,,,,,1,30,60,30,100.00%,2205,1.38%,+1.38%,,300%,8384.92,200%,7036.00,,,,,,
90,90,SPY,CALL,Vi,2025-07-04T00:00:00.000,2025-07-04T19:29:00.000,0d 19h 29m,,,,,1,30,60,30,100.00%,2235,1.36%,+1.36%,,300%,8474.92,200%,7096.00,,,,,,
91,91,SPY,CALL,Lu,2025-07-07T00:00:00.000,2025-07-07T05:46:00.000,0d 5h 46m,,,,,1,32,17,-15,-46.88%,2220,-0.67%,-0.67%,,100%,8506.92,200%,7160.00,,,,,,
92,92,SPY,CALL,Ma,2025-07-08T00:00:00.000,2025-07-08T12:57:00.000,0d 12h 57m,,,,,1,33,14,-19,-57.58%,2201,-1.52%,-0.86%,,300%,8605.92,200%,7226.00,,,,,,
93,93,SPY,CALL,Mi,2025-07-09T00:00:00.000,2025-07-09T14:21:00.000,0d 14h 21m,,,,,1,32,64,32,100.00%,2233,-0.09%,+1.45%,,80%,8631.52,200%,7290.00,,,,,,
94,94,SPY,CALL,Ju,2025-07-10T00:00:00.000,2025-07-10T19:44:00.000,0d 19h 44m,,,,,1,30,30,0,0.00%,2233,-0.09%,0%,,300%,8721.52,200%,7350.00,,,,,,
95,95,SPY,CALL,Vi,2025-07-11T00:00:00.000,2025-07-11T10:06:00.000,0d 10h 06m,,,,,1,30,45,15,50.00%,2248,0.58%,+0.67%,,100%,8751.52,200%,7410.00,,,,,,
96,96,SPY,PUT,Lu,2025-07-14T00:00:00.000,2025-07-14T14:56:00.000,0d 14h 56m,,,,,1,30,60,30,100.00%,2278,1.33%,+1.33%,,300%,8841.52,200%,7470.00,,,,,,
97,97,SPY,PUT,Ma,2025-07-15T00:00:00.000,2025-07-15T01:38:00.000,0d 1h 38m,,,,,1,30,60,30,100.00%,2308,1.32%,+1.32%,,80%,8865.52,200%,7530.00,,,,,,
98,98,SPY,PUT,Mi,2025-07-16T00:00:00.000,2025-07-16T03:00:00.000,0d 3h 00m,,,,,1,30,60,30,100.00%,2338,1.30%,+1.30%,,500%,9015.52,200%,7590.00,,,,,,
99,99,SPY,CALL,Ju,2025-07-17T00:00:00.000,2025-07-17T07:57:00.000,0d 7h 57m,,,,,1,30,60,30,100.00%,2368,1.28%,+1.28%,,500%,9165.52,200%,7650.00,,,,,,
100,100,SPY,CALL,Vi,2025-07-18T00:00:00.000,2025-07-18T04:08:00.000,0d 4h 08m,,,,,1,30,30,0,0.00%,2368,0.00%,0%,,500%,9315.52,200%,7710.00,,,,,,
101,101,SPY,CALL,Lu,2025-07-21T00:00:00.000,2025-07-21T05:28:00.000,0d 5h 28m,,,,,1,30,60,30,100.00%,2398,1.27%,+1.27%,,300%,9405.52,200%,7770.00,,,,,,
102,102,SPY,PUT,Ma,2025-07-22T00:00:00.000,2025-07-22T21:48:00.000,0d 21h 48m,,,,,1,30,60,30,100.00%,2428,1.25%,+1.25%,,300%,9495.52,200%,7830.00,,,,,,
103,103,SPY,CALL,Mi,2025-07-23T00:00:00.000,2025-07-23T04:23:00.000,0d 4h 23m,,,,,1,30,30,0,0.00%,2428,0.00%,0%,,300%,9585.52,200%,7890.00,,,,,,
104,104,SPY,CALL,Ju,2025-07-24T00:00:00.000,2025-07-24T20:02:00.000,0d 20h 02m,,,,,1,30,15,-15,-50.00%,2413,-0.62%,-0.62%,,100%,9615.52,200%,7950.00,,,,,,
105,105,SPY,CALL,Vi,2025-07-25T00:00:00.000,2025-07-25T17:11:00.000,0d 17h 11m,,,,,1,30,60,30,100.00%,2443,0.62%,+1.24%,,300%,9705.52,200%,8010.00,,,,,,
106,106,SPY,CALL,Lu,2025-07-28T00:00:00.000,2025-07-28T19:11:00.000,0d 19h 11m,,,,,1,30,30,0,0.00%,2443,0.00%,0%,,80%,9729.52,200%,8070.00,,,,,,
107,107,SPY,CALL,Ma,2025-07-29T00:00:00.000,2025-07-29T12:50:00.000,0d 12h 50m,,,,,1,30,30,0,0.00%,2443,0.00%,0%,,300%,9819.52,200%,8130.00,,,,,,
108,108,SPY,CALL,Mi,2025-07-30T00:00:00.000,2025-07-30T15:56:00.000,0d 15h 56m,,,,,1,30,30,0,0.00%,2443,0.00%,0%,,100%,9849.52,200%,8190.00,,,,,,
109,109,SPY,CALL,Ju,2025-07-31T00:00:00.000,2025-07-31T09:37:00.000,0d 9h 37m,,,,,1,30,60,30,100.00%,2473,1.23%,+1.23%,,300%,9939.52,200%,8250.00,,,,,,
110,110,SPY,CALL,Vi,2025-08-01T00:00:00.000,2025-08-01T07:06:00.000,0d 7h 06m,,,,,1,30,0,-30,-100.00%,2443,-1.21%,-1.21%,,80%,9963.52,200%,8310.00,,,,,,
111,111,SPY,PUT,Lu,2025-08-04T00:00:00.000,2025-08-04T18:28:00.000,0d 18h 28m,,,,,1,30,15,-15,-50.00%,2428,-1.82%,-0.61%,,500%,10113.52,200%,8370.00,,,,,,
112,112,SPY,CALL,Ma,2025-08-05T00:00:00.000,2025-08-05T11:32:00.000,0d 11h 32m,,,,,1,30,60,30,100.00%,2458,-0.61%,+1.24%,,500%,10263.52,200%,8430.00,,,,,,
113,113,SPY,CALL,Mi,2025-08-06T00:00:00.000,2025-08-06T10:50:00.000,0d 10h 50m,,,,,1,30,60,30,100.00%,2488,0.61%,+1.22%,,500%,10413.52,200%,8490.00,,,,,,
114,114,SPY,CALL,Ju,2025-08-07T00:00:00.000,2025-08-07T13:49:00.000,0d 13h 49m,,,,,1,30,60,30,100.00%,2518,1.21%,+1.21%,,300%,10503.52,200%,8550.00,,,,,,
115,115,SPY,PUT,Vi,2025-08-08T00:00:00.000,2025-08-08T02:20:00.000,0d 2h 20m,,,,,1,30,60,30,100.00%,2548,1.19%,+1.19%,,300%,10593.52,200%,8610.00,,,,,,
116,116,SPY,PUT,Lu,2025-08-11T00:00:00.000,2025-08-11T18:20:00.000,0d 18h 20m,,,,,1,30,30,0,0.00%,2548,0.00%,0%,,100%,10623.52,200%,8670.00,,,,,,
117,117,SPY,PUT,Ma,2025-08-12T00:00:00.000,2025-08-12T09:04:00.000,0d 9h 04m,,,,,1,30,60,30,100.00%,2578,1.18%,+1.18%,,300%,10713.52,200%,8730.00,,,,,,
118,118,SPY,CALL,Mi,2025-08-13T00:00:00.000,2025-08-13T18:27:00.000,0d 18h 27m,,,,,1,30,15,-15,-50.00%,2563,-0.58%,-0.58%,,80%,10737.52,200%,8790.00,,,,,,
119,119,SPY,PUT,Ju,2025-08-14T00:00:00.000,2025-08-14T10:21:00.000,0d 10h 21m,,,,,1,30,30,0,0.00%,2563,-0.58%,0%,,300%,10827.52,200%,8850.00,,,,,,
120,120,SPY,PUT,Vi,2025-08-15T00:00:00.000,2025-08-16T00:00:00.000,1d 0h 00m,,,,,1,30,60,30,100.00%,2593,0.58%,+1.17%,,100%,10857.52,200%,8910.00,,,,,,
121,121,SPY,CALL,Lu,2025-08-18T00:00:00.000,2025-08-18T16:53:00.000,0d 16h 53m,,,,,1,30,15,-15,-50.00%,2578,-0.58%,-0.58%,,300%,10947.52,200%,8970.00,,,,,,
122,122,SPY,CALL,Ma,2025-08-19T00:00:00.000,2025-08-19T03:49:00.000,0d 3h 49m,,,,,1,30,45,15,50.00%,2593,0.00%,+0.58%,,80%,10971.52,200%,9030.00,,,,,,
123,123,SPY,PUT,Mi,2025-08-20T00:00:00.000,2025-08-20T06:39:00.000,0d 6h 39m,,,,,1,30,60,30,100.00%,2623,1.16%,+1.16%,,182%,11026.12,200%,9090.00,,,,,,
124,124,SPY,CALL,Ju,2025-08-21T00:00:00.000,2025-08-21T18:30:00.000,0d 18h 30m,,,,,1,30,60,30,100.00%,2653,1.14%,+1.14%,,174%,11078.32,200%,9150.00,,,,,,
125,125,SPY,CALL,Vi,2025-08-22T00:00:00.000,2025-08-22T23:08:00.000,0d 23h 08m,,,,,1,30,30,0,0.00%,2653,0.00%,0%,,166%,11128.12,200%,9210.00,,,,,,
126,126,SPY,CALL,Lu,2025-08-25T00:00:00.000,2025-08-25T13:02:00.000,0d 13h 02m,,,,,1,30,60,30,100.00%,2683,1.13%,+1.13%,,159%,11175.82,200%,9270.00,,,,,,
127,127,SPY,CALL,Ma,2025-08-26T00:00:00.000,2025-08-26T22:01:00.000,0d 22h 01m,,,,,1,30,30,0,0.00%,2683,0.00%,0%,,151%,11221.12,200%,9330.00,,,,,,
128,128,SPY,CALL,Mi,2025-08-27T00:00:00.000,2025-08-27T03:24:00.000,0d 3h 24m,,,,,1,30,15,-15,-50.00%,2668,-0.56%,-0.56%,,143%,11264.02,200%,9390.00,,,,,,
129,129,SPY,CALL,Ju,2025-08-28T00:00:00.000,2025-08-28T16:42:00.000,0d 16h 42m,,,,,1,30,0,-30,-100.00%,2638,-1.68%,-1.12%,,136%,11304.82,200%,9450.00,,,,,,
130,130,SPY,CALL,Vi,2025-08-29T00:00:00.000,2025-08-29T23:42:00.000,0d 23h 42m,,,,,1,30,45,15,50.00%,2653,-1.12%,+0.57%,,128%,11343.22,200%,9510.00,,,,,,
131,131,SPY,PUT,Lu,2025-09-01T00:00:00.000,2025-09-01T16:53:00.000,0d 16h 53m,,,,,1,30,60,30,100.00%,2683,0.00%,+1.13%,,121%,11379.52,200%,9570.00,,,,,,
132,132,SPY,CALL,Ma,2025-09-02T00:00:00.000,2025-09-02T11:14:00.000,0d 11h 14m,,,,,1,30,0,-30,-100.00%,2653,-1.12%,-1.12%,,113%,11413.42,200%,9630.00,,,,,,
133,133,SPY,CALL,Mi,2025-09-03T00:00:00.000,2025-09-03T03:22:00.000,0d 3h 22m,,,,,1,30,0,-30,-100.00%,2623,-2.24%,-1.13%,,105%,11444.92,200%,9690.00,,,,,,
134,134,SPY,CALL,Ju,2025-09-04T00:00:00.000,2025-09-04T20:20:00.000,0d 20h 20m,,,,,1,30,30,0,0.00%,2623,-2.24%,0%,,300%,11534.92,200%,9750.00,,,,,,
135,135,SPY,CALL,Vi,2025-09-05T00:00:00.000,2025-09-05T05:39:00.000,0d 5h 39m,,,,,1,30,60,30,100.00%,2653,-1.12%,+1.14%,,500%,11684.92,200%,9810.00,,,,,,
136,136,SPY,CALL,Lu,2025-09-08T00:00:00.000,2025-09-08T14:09:00.000,0d 14h 09m,,,,,1,30,60,30,100.00%,2683,0.00%,+1.13%,,500%,11834.92,200%,9870.00,,,,,,
137,137,SPY,CALL,Ma,2025-09-09T00:00:00.000,2025-09-09T19:50:00.000,0d 19h 50m,,,,,1,30,30,0,0.00%,2683,0.00%,0%,,500%,11984.92,200%,9930.00,,,,,,
138,138,SPY,CALL,Mi,2025-09-10T00:00:00.000,2025-09-10T23:05:00.000,0d 23h 05m,,,,,1,30,60,30,100.00%,2713,1.12%,+1.12%,,300%,12074.92,200%,9990.00,,,,,,
139,139,SPY,CALL,Ju,2025-09-11T00:00:00.000,2025-09-11T10:51:00.000,0d 10h 51m,,,,,1,30,60,30,100.00%,2743,1.11%,+1.11%,,300%,12164.92,200%,10050.00,,,,,,
140,140,SPY,PUT,Vi,2025-09-12T00:00:00.000,2025-09-12T00:59:00.000,0d 0h 59m,,,,,1,30,60,30,100.00%,2773,1.09%,+1.09%,,100%,12194.92,200%,10110.00,,,,,,
141,141,SPY,PUT,Lu,2025-09-15T00:00:00.000,2025-09-15T03:55:00.000,0d 3h 55m,,,,,1,30,60,30,100.00%,2803,1.08%,+1.08%,,300%,12284.92,200%,10170.00,,,,,,
142,142,SPY,CALL,Ma,2025-09-16T00:00:00.000,2025-09-16T13:37:00.000,0d 13h 37m,,,,,1,30,60,30,100.00%,2833,1.07%,+1.07%,,80%,12308.92,200%,10230.00,,,,,,
143,143,SPY,CALL,Mi,2025-09-17T00:00:00.000,2025-09-17T01:35:00.000,0d 1h 35m,,,,,1,30,0,-30,-100.00%,2803,-1.06%,-1.06%,,300%,12398.92,200%,10290.00,,,,,,
144,144,SPY,CALL,Ju,2025-09-18T00:00:00.000,2025-09-18T23:41:00.000,0d 23h 41m,,,,,1,30,0,-30,-100.00%,2773,-2.12%,-1.07%,,100%,12428.92,200%,10350.00,,,,,,
145,145,SPY,CALL,Vi,2025-09-19T00:00:00.000,2025-09-19T21:44:00.000,0d 21h 44m,,,,,1,30,45,15,50.00%,2788,-1.59%,+0.54%,,300%,12518.92,200%,10410.00,,,,,,
146,146,SPY,CALL,Lu,2025-09-22T00:00:00.000,2025-09-22T02:38:00.000,0d 2h 38m,,,,,1,30,60,30,100.00%,2818,-0.53%,+1.08%,,80%,12542.92,200%,10470.00,,,,,,
147,147,SPY,CALL,Ma,2025-09-23T00:00:00.000,2025-09-23T19:15:00.000,0d 19h 15m,,,,,1,60,120,60,100.00%,2878,1.59%,+2.13%,,500%,12842.92,200%,10590.00,,,,,,
148,148,SPY,CALL,Mi,2025-09-24T00:00:00.000,2025-09-24T19:07:00.000,0d 19h 07m,,,,,1,60,120,60,100.00%,2938,2.08%,+2.08%,,500%,13142.92,200%,10710.00,,,,,,
149,149,SPY,CALL,Ju,2025-09-25T00:00:00.000,2025-09-25T03:06:00.000,0d 3h 06m,,,,,1,60,120,60,100.00%,2998,2.04%,+2.04%,,500%,13442.92,200%,10830.00,,,,,,
150,150,SPY,CALL,Vi,2025-09-26T00:00:00.000,2025-09-26T21:57:00.000,0d 21h 57m,,,,,1,60,60,0,0.00%,2998,0.00%,0%,,300%,13622.92,200%,10950.00,,,,,,
151,151,SPY,CALL,Lu,2025-09-29T00:00:00.000,2025-09-29T16:47:00.000,0d 16h 47m,,,,,1,60,60,0,0.00%,2998,0.00%,0%,,300%,13802.92,200%,11070.00,,,,,,
152,152,SPY,CALL,Ma,2025-09-30T00:00:00.000,2025-09-30T01:13:00.000,0d 1h 13m,,,,,1,60,120,60,100.00%,3058,2.00%,+2.00%,,100%,13862.92,200%,11190.00,,,,,,
153,153,SPY,CALL,Mi,2025-10-01T00:00:00.000,2025-10-01T21:59:00.000,0d 21h 59m,,,,,1,60,30,-30,-50.00%,3028,-0.98%,-0.98%,,300%,14042.92,200%,11310.00,,,,,,
154,154,SPY,PUT,Ju,2025-10-02T00:00:00.000,2025-10-02T22:12:00.000,0d 22h 12m,,,,,1,60,120,60,100.00%,3088,0.98%,+1.98%,,80%,14090.92,200%,11430.00,,,,,,
155,155,SPY,PUT,Vi,2025-10-03T00:00:00.000,2025-10-03T16:35:00.000,0d 16h 35m,,,,,1,60,60,0,0.00%,3088,0.00%,0%,,300%,14270.92,200%,11550.00,,,,,,
156,156,SPY,PUT,Lu,2025-10-06T00:00:00.000,2025-10-06T00:34:00.000,0d 0h 34m,,,,,1,60,120,60,100.00%,3148,1.94%,+1.94%,,100%,14330.92,200%,11670.00,,,,,,
157,157,SPY,CALL,Ma,2025-10-07T00:00:00.000,2025-10-07T06:27:00.000,0d 6h 27m,,,,,1,60,120,60,100.00%,3208,1.91%,+1.91%,,300%,14510.92,200%,11790.00,,,,,,
158,158,SPY,CALL,Mi,2025-10-08T00:00:00.000,2025-10-08T10:17:00.000,0d 10h 17m,,,,,1,60,120,60,100.00%,3268,1.87%,+1.87%,,80%,14558.92,200%,11910.00,,,,,,
159,159,SPY,CALL,Ju,2025-10-09T00:00:00.000,2025-10-09T13:26:00.000,0d 13h 26m,,,,,1,60,120,60,100.00%,3328,1.84%,+1.84%,,182%,14668.12,200%,12030.00,,,,,,
160,160,SPY,PUT,Vi,2025-10-10T00:00:00.000,2025-10-10T04:00:00.000,0d 4h 00m,,,,,1,60,120,60,100.00%,3388,1.80%,+1.80%,,174%,14772.52,200%,12150.00,,,,,,
161,161,SPY,PUT,Lu,2025-10-13T00:00:00.000,2025-10-13T03:03:00.000,0d 3h 03m,,,,,1,60,0,-60,-100.00%,3328,-1.77%,-1.77%,,166%,14872.12,200%,12270.00,,,,,,
162,162,SPY,PUT,Ma,2025-10-14T00:00:00.000,2025-10-14T17:00:00.000,0d 17h 00m,,,,,1,60,0,-60,-100.00%,3268,-3.54%,-1.80%,,159%,14967.52,200%,12390.00,,,,,,
163,163,SPY,CALL,Mi,2025-10-15T00:00:00.000,2025-10-15T03:17:00.000,0d 3h 17m,,,,,1,30,60,30,100.00%,3298,-2.66%,+0.92%,,151%,15012.82,200%,12450.00,,,,,,
164,164,SPY,CALL,Ju,2025-10-16T00:00:00.000,2025-10-16T15:55:00.000,0d 15h 55m,,,,,1,30,45,15,50.00%,3313,-2.21%,+0.45%,,100%,15042.82,200%,12510.00,,,,,,
165,165,SPY,PUT,Vi,2025-10-17T00:00:00.000,2025-10-17T02:40:00.000,0d 2h 40m,,,,,1,30,60,30,100.00%,3343,-1.33%,+0.91%,,300%,15132.82,200%,12570.00,,,,,,
166,166,SPY,CALL,Lu,2025-10-20T00:00:00.000,2025-10-20T12:27:00.000,0d 12h 27m,,,,,1,30,30,0,0.00%,3343,-1.33%,0%,,80%,15156.82,200%,12630.00,,,,,,
167,167,SPY,PUT,Ma,2025-10-21T00:00:00.000,2025-10-21T07:22:00.000,0d 7h 22m,,,,,1,30,0,-30,-100.00%,3313,-2.21%,-0.90%,,300%,15246.82,200%,12690.00,,,,,,
168,168,SPY,PUT,Mi,2025-10-22T00:00:00.000,2025-10-22T22:03:00.000,0d 22h 03m,,,,,1,30,60,30,100.00%,3343,-1.33%,+0.91%,,100%,15276.82,200%,12750.00,,,,,,
169,169,SPY,CALL,Ju,2025-10-23T00:00:00.000,2025-10-23T19:15:00.000,0d 19h 15m,,,,,1,30,60,30,100.00%,3373,-0.44%,+0.90%,,300%,15366.82,200%,12810.00,,,,,,
170,170,SPY,PUT,Vi,2025-10-24T00:00:00.000,2025-10-24T12:02:00.000,0d 12h 02m,,,,,1,30,60,30,100.00%,3403,0.44%,+0.89%,,80%,15390.82,200%,12870.00,,,,,,
171,171,SPY,CALL,Lu,2025-10-27T00:00:00.000,2025-10-27T05:59:00.000,0d 5h 59m,,,,,1,30,60,30,100.00%,3433,0.88%,+0.88%,,182%,15445.42,200%,12930.00,,,,,,
172,172,SPY,CALL,Ma,2025-10-28T00:00:00.000,2025-10-28T07:05:00.000,0d 7h 05m,,,,,1,30,30,0,0.00%,3433,0.00%,0%,,174%,15497.62,200%,12990.00,,,,,,
173,173,SPY,CALL,Mi,2025-10-29T00:00:00.000,2025-10-29T05:58:00.000,0d 5h 58m,,,,,1,30,30,0,0.00%,3433,0.00%,0%,,166%,15547.42,200%,13050.00,,,,,,
174,174,SPY,CALL,Ju,2025-10-30T00:00:00.000,2025-10-30T22:38:00.000,0d 22h 38m,,,,,1,60,120,60,100.00%,3493,1.75%,+1.75%,,159%,15642.82,200%,13170.00,,,,,,
175,175,SPY,CALL,Vi,2025-10-31T00:00:00.000,2025-10-31T14:22:00.000,0d 14h 22m,,,,,1,60,120,60,100.00%,3553,1.72%,+1.72%,,151%,15733.42,200%,13290.00,,,,,,
176,176,SPY,PUT,Lu,2025-11-03T00:00:00.000,2025-11-03T13:44:00.000,0d 13h 44m,,,,,1,90,135,45,50.00%,3598,1.27%,+1.27%,,143%,15862.12,200%,13470.00,,,,,,
177,177,SPY,CALL,Ma,2025-11-04T00:00:00.000,2025-11-04T01:35:00.000,0d 1h 35m,,,,,1,90,90,0,0.00%,3598,0.00%,0%,,136%,15984.52,200%,13650.00,,,,,,
178,178,SPY,PUT,Mi,2025-11-05T00:00:00.000,2025-11-05T05:53:00.000,0d 5h 53m,,,,,1,90,180,90,100.00%,3688,2.50%,+2.50%,,128%,16099.72,200%,13830.00,,,,,,
179,179,SPY,CALL,Ju,2025-11-06T00:00:00.000,2025-11-06T18:33:00.000,0d 18h 33m,,,,,1,90,180,90,100.00%,3778,2.44%,+2.44%,,121%,16208.62,200%,14010.00,,,,,,
180,180,SPY,PUT,Vi,2025-11-07T00:00:00.000,2025-11-07T05:55:00.000,0d 5h 55m,,,,,1,90,0,-90,-100.00%,3688,-2.38%,-2.38%,,113%,16310.32,200%,14190.00,,,,,,
181,181,SPY,CALL,Lu,2025-11-10T00:00:00.000,2025-11-10T16:26:00.000,0d 16h 26m,,,,,1,90,135,45,50.00%,3733,-1.19%,+1.22%,,105%,16404.82,200%,14370.00,,,,,,
182,182,SPY,CALL,Ma,2025-11-11T00:00:00.000,2025-11-11T02:27:00.000,0d 2h 27m,,,,,1,90,180,90,100.00%,3823,1.19%,+2.41%,,300%,16674.82,200%,14550.00,,,,,,
183,183,SPY,PUT,Mi,2025-11-12T00:00:00.000,2025-11-12T11:13:00.000,0d 11h 13m,,,,,1,60,60,0,0.00%,3823,0.00%,0%,,500%,16974.82,200%,14670.00,,,,,,
184,184,SPY,CALL,Ju,2025-11-13T00:00:00.000,2025-11-13T03:03:00.000,0d 3h 03m,,,,,1,60,0,-60,-100.00%,3763,-1.57%,-1.57%,,500%,17274.82,200%,14790.00,,,,,,
185,185,SPY,CALL,Vi,2025-11-14T00:00:00.000,2025-11-14T12:10:00.000,0d 12h 10m,,,,,1,60,120,60,100.00%,3823,0.00%,+1.59%,,500%,17574.82,200%,14910.00,,,,,,
186,186,SPY,PUT,Lu,2025-11-17T00:00:00.000,2025-11-17T21:20:00.000,0d 21h 20m,,,,,1,60,120,60,100.00%,3883,1.57%,+1.57%,,300%,17754.82,200%,15030.00,,,,,,
187,187,SPY,CALL,Ma,2025-11-18T00:00:00.000,2025-11-18T21:38:00.000,0d 21h 38m,,,,,1,60,30,-30,-50.00%,3853,-0.77%,-0.77%,,300%,17934.82,200%,15150.00,,,,,,
188,188,SPY,PUT,Mi,2025-11-19T00:00:00.000,2025-11-19T15:11:00.000,0d 15h 11m,,,,,1,60,120,60,100.00%,3913,0.77%,+1.56%,,100%,17994.82,200%,15270.00,,,,,,
189,189,SPY,PUT,Ju,2025-11-20T00:00:00.000,2025-11-20T06:26:00.000,0d 6h 26m,,,,,1,60,90,30,50.00%,3943,0.77%,+0.77%,,300%,18174.82,200%,15390.00,,,,,,
190,190,SPY,CALL,Vi,2025-11-21T00:00:00.000,2025-11-21T08:50:00.000,0d 8h 50m,,,,,1,60,90,30,50.00%,3973,0.76%,+0.76%,,80%,18222.82,200%,15510.00,,,,,,
191,191,SPY,CALL,Lu,2025-11-24T00:00:00.000,2025-11-24T18:44:00.000,0d 18h 44m,,,,,1,60,60,0,0.00%,3973,0.00%,0%,,300%,18402.82,200%,15630.00,,,,,,
192,192,SPY,CALL,Ma,2025-11-25T00:00:00.000,2025-11-25T11:38:00.000,0d 11h 38m,,,,,1,60,120,60,100.00%,4033,1.51%,+1.51%,,100%,18462.82,200%,15750.00,,,,,,
193,193,SPY,CALL,Mi,2025-11-26T00:00:00.000,2025-11-26T09:56:00.000,0d 9h 56m,,,,,1,60,60,0,0.00%,4033,0.00%,0%,,300%,18642.82,200%,15870.00,,,,,,
194,194,SPY,CALL,Ju,2025-11-27T00:00:00.000,2025-11-27T09:38:00.000,0d 9h 38m,,,,,1,60,120,60,100.00%,4093,1.49%,+1.49%,,80%,18690.82,200%,15990.00,,,,,,
195,195,SPY,CALL,Vi,2025-11-28T00:00:00.000,2025-11-28T03:22:00.000,0d 3h 22m,,,,,1,60,120,60,100.00%,4153,1.47%,+1.47%,,500%,18990.82,200%,16110.00,,,,,,
196,196,SPY,CALL,Lu,2025-12-01T00:00:00.000,2025-12-01T09:36:00.000,0d 9h 36m,,,,,1,60,120,60,100.00%,4213,1.44%,+1.44%,,500%,19290.82,200%,16230.00,,,,,,
197,197,SPY,CALL,Ma,2025-12-02T00:00:00.000,2025-12-02T10:10:00.000,0d 10h 10m,,,,,1,60,90,30,50.00%,4243,0.71%,+0.71%,,500%,19590.82,200%,16350.00,,,,,,
198,198,SPY,PUT,Mi,2025-12-03T00:00:00.000,2025-12-03T02:06:00.000,0d 2h 06m,,,,,1,60,90,30,50.00%,4273,0.71%,+0.71%,,300%,19770.82,200%,16470.00,,,,,,
199,199,SPY,PUT,Ju,2025-12-04T00:00:00.000,2025-12-04T10:20:00.000,0d 10h 20m,,,,,1,60,120,60,100.00%,4333,1.40%,+1.40%,,300%,19950.82,200%,16590.00,,,,,,
200,200,SPY,PUT,Vi,2025-12-05T00:00:00.000,2025-12-05T04:49:00.000,0d 4h 49m,,,,,1,60,120,60,100.00%,4393,1.38%,+1.38%,,300%,20130.82,200%,16710.00,,,,,,
201,201,SPY,CALL,Lu,2025-12-08T00:00:00.000,2025-12-08T21:02:00.000,0d 21h 02m,,,,,1,60,90,30,50.00%,4423,0.68%,+0.68%,,300%,20310.82,200%,16830.00,,,,,,
202,202,SPY,PUT,Ma,2025-12-09T00:00:00.000,2025-12-09T22:34:00.000,0d 22h 34m,,,,,1,60,120,60,100.00%,4483,1.36%,+1.36%,,300%,20490.82,200%,16950.00,,,,,,
203,203,SPY,PUT,Mi,2025-12-10T00:00:00.000,2025-12-10T07:45:00.000,0d 7h 45m,,,,,1,60,60,0,0.00%,4483,0.00%,0%,,100%,20550.82,200%,17070.00,,,,,,
204,204,SPY,PUT,Ju,2025-12-11T00:00:00.000,2025-12-11T18:15:00.000,0d 18h 15m,,,,,1,60,0,-60,-100.00%,4423,-1.34%,-1.34%,,300%,20730.82,200%,17190.00,,,,,,
205,205,SPY,CALL,Vi,2025-12-12T00:00:00.000,2025-12-12T19:02:00.000,0d 19h 02m,,,,,1,30,30,0,0.00%,4423,-1.34%,0%,,80%,20754.82,200%,17250.00,,,,,,
206,206,SPY,CALL,Lu,2025-12-15T00:00:00.000,2025-12-15T23:01:00.000,0d 23h 01m,,,,,1,30,60,30,100.00%,4453,-0.67%,+0.68%,,300%,20844.82,200%,17310.00,,,,,,
207,207,SPY,PUT,Ma,2025-12-16T00:00:00.000,2025-12-16T05:23:00.000,0d 5h 23m,,,,,1,30,0,-30,-100.00%,4423,-1.34%,-0.67%,,100%,20874.82,200%,17370.00,,,,,,
208,208,SPY,PUT,Mi,2025-12-17T00:00:00.000,2025-12-17T09:00:00.000,0d 9h 00m,,,,,1,30,30,0,0.00%,4423,-1.34%,0%,,300%,20964.82,200%,17430.00,,,,,,
209,209,SPY,CALL,Ju,2025-12-18T00:00:00.000,2025-12-18T06:50:00.000,0d 6h 50m,,,,,1,30,30,0,0.00%,4423,-1.34%,0%,,80%,20988.82,200%,17490.00,,,,,,
210,210,SPY,PUT,Vi,2025-12-19T00:00:00.000,2025-12-19T12:58:00.000,0d 12h 58m,,,,,1,30,60,30,100.00%,4453,-0.67%,+0.68%,,500%,21138.82,200%,17550.00,,,,,,
211,211,SPY,CALL,Lu,2025-12-22T00:00:00.000,2025-12-22T04:33:00.000,0d 4h 33m,,,,,1,30,60,30,100.00%,4483,0.00%,+0.67%,,500%,21288.82,200%,17610.00,,,,,,
212,212,SPY,CALL,Ma,2025-12-23T00:00:00.000,2025-12-23T14:34:00.000,0d 14h 34m,,,,,1,30,60,30,100.00%,4513,0.67%,+0.67%,,500%,21438.82,200%,17670.00,,,,,,
213,213,SPY,CALL,Mi,2025-12-24T00:00:00.000,2025-12-24T18:25:00.000,0d 18h 25m,,,,,1,30,60,30,100.00%,4543,0.66%,+0.66%,,300%,21528.82,200%,17730.00,,,,,,
214,214,SPY,PUT,Ju,2025-12-25T00:00:00.000,2025-12-25T07:20:00.000,0d 7h 20m,,,,,1,30,0,-30,-100.00%,4513,-0.66%,-0.66%,,300%,21618.82,200%,17790.00,,,,,,
215,215,SPY,CALL,Vi,2025-12-26T00:00:00.000,2025-12-26T16:47:00.000,0d 16h 47m,,,,,1,30,0,-30,-100.00%,4483,-1.32%,-0.66%,,100%,21648.82,200%,17850.00,,,,,,
216,216,SPY,PUT,Lu,2025-12-29T00:00:00.000,2025-12-29T04:37:00.000,0d 4h 37m,,,,,1,30,60,30,100.00%,4513,-0.66%,+0.67%,,300%,21738.82,200%,17910.00,,,,,,
217,217,SPY,PUT,Ma,2025-12-30T00:00:00.000,2025-12-30T17:14:00.000,0d 17h 14m,,,,,1,30,60,30,100.00%,4543,0.00%,+0.66%,,80%,21762.82,200%,17970.00,,,,,,
218,218,SPY,PUT,Mi,2025-12-31T00:00:00.000,2025-12-31T22:27:00.000,0d 22h 27m,,,,,1,30,60,30,100.00%,4573,0.66%,+0.66%,,300%,21852.82,200%,18030.00,,,,,,
219,219,SPY,PUT,Ju,2026-01-01T00:00:00.000,2026-01-01T06:22:00.000,0d 6h 22m,,,,,1,30,60,30,100.00%,4603,0.66%,+0.66%,,100%,21882.82,200%,18090.00,,,,,,
220,220,SPY,CALL,Vi,2026-01-02T00:00:00.000,2026-01-02T09:54:00.000,0d 9h 54m,,,,,1,30,60,30,100.00%,4633,0.65%,+0.65%,,300%,21972.82,200%,18150.00,,,,,,
221,221,SPY,CALL,Lu,2026-01-05T00:00:00.000,2026-01-05T10:44:00.000,0d 10h 44m,,,,,1,30,30,0,0.00%,4633,0.00%,0%,,80%,21996.82,200%,18210.00,,,,,,
222,222,SPY,PUT,Ma,2026-01-06T00:00:00.000,2026-01-06T17:22:00.000,0d 17h 22m,,,,,1,30,60,30,100.00%,4663,0.65%,+0.65%,,182%,22051.42,200%,18270.00,,,,,,
223,223,SPY,CALL,Mi,2026-01-07T00:00:00.000,2026-01-07T15:17:00.000,0d 15h 17m,,,,,1,30,60,30,100.00%,4693,0.64%,+0.64%,,174%,22103.62,200%,18330.00,,,,,,
224,224,SPY,CALL,Ju,2026-01-08T00:00:00.000,2026-01-08T06:58:00.000,0d 6h 58m,,,,,1,30,30,0,0.00%,4693,0.00%,0%,,166%,22153.42,200%,18390.00,,,,,,
225,225,SPY,CALL,Vi,2026-01-09T00:00:00.000,2026-01-09T20:20:00.000,0d 20h 20m,,,,,1,30,45,15,50.00%,4708,0.32%,+0.32%,,159%,22201.12,200%,18450.00,,,,,,
226,226,SPY,CALL,Lu,2026-01-12T00:00:00.000,2026-01-12T12:30:00.000,0d 12h 30m,,,,,1,30,60,30,100.00%,4738,0.64%,+0.64%,,151%,22246.42,200%,18510.00,,,,,,
227,227,SPY,CALL,Ma,2026-01-13T00:00:00.000,2026-01-13T02:40:00.000,0d 2h 40m,,,,,1,30,60,30,100.00%,4768,0.63%,+0.63%,,143%,22289.32,200%,18570.00,,,,,,
228,228,SPY,CALL,Mi,2026-01-14T00:00:00.000,2026-01-14T22:12:00.000,0d 22h 12m,,,,,1,30,60,30,100.00%,4798,0.63%,+0.63%,,136%,22330.12,200%,18630.00,,,,,,
229,229,SPY,CALL,Ju,2026-01-15T00:00:00.000,2026-01-15T12:47:00.000,0d 12h 47m,,,,,1,30,60,30,100.00%,4828,0.63%,+0.63%,,128%,22368.52,200%,18690.00,,,,,,
230,230,SPY,PUT,Vi,2026-01-16T00:00:00.000,2026-01-16T21:12:00.000,0d 21h 12m,,,,,1,30,60,30,100.00%,4858,0.62%,+0.62%,,121%,22404.82,200%,18750.00,,,,,,
231,231,SPY,PUT,Lu,2026-01-19T00:00:00.000,2026-01-19T05:40:00.000,0d 5h 40m,,,,,1,30,30,0,0.00%,4858,0.00%,0%,,113%,22438.72,200%,18810.00,,,,,,
232,232,SPY,PUT,Ma,2026-01-20T00:00:00.000,2026-01-20T01:07:00.000,0d 1h 07m,,,,,1,30,60,30,100.00%,4888,0.62%,+0.62%,,105%,22470.22,200%,18870.00,,,,,,
233,233,SPY,CALL,Mi,2026-01-21T00:00:00.000,2026-01-21T02:12:00.000,0d 2h 12m,,,,,1,30,45,15,50.00%,4903,0.31%,+0.31%,,300%,22560.22,200%,18930.00,,,,,,
234,234,SPY,CALL,Ju,2026-01-22T00:00:00.000,2026-01-22T20:15:00.000,0d 20h 15m,,,,,1,30,0,-30,-100.00%,4873,-0.61%,-0.61%,,500%,22710.22,200%,18990.00,,,,,,
235,235,SPY,CALL,Vi,2026-01-23T00:00:00.000,2026-01-23T14:56:00.000,0d 14h 56m,,,,,1,30,0,-30,-100.00%,4843,-1.22%,-0.62%,,500%,22860.22,200%,19050.00,,,,,,
236,236,SPY,PUT,Lu,2026-01-26T00:00:00.000,2026-01-26T06:48:00.000,0d 6h 48m,,,,,1,60,90,30,50.00%,4873,-0.61%,+0.62%,,500%,23160.22,200%,19170.00,,,,,,
237,237,SPY,PUT,Ma,2026-01-27T00:00:00.000,2026-01-27T23:12:00.000,0d 23h 12m,,,,,1,60,120,60,100.00%,4933,0.61%,+1.23%,,300%,23340.22,200%,19290.00,,,,,,
238,238,SPY,CALL,Mi,2026-01-28T00:00:00.000,2026-01-28T20:33:00.000,0d 20h 33m,,,,,1,30,0,-30,-100.00%,4903,-0.61%,-0.61%,,300%,23430.22,200%,19350.00,,,,,,
239,239,SPY,PUT,Ju,2026-01-29T00:00:00.000,2026-01-29T19:58:00.000,0d 19h 58m,,,,,1,60,60,0,0.00%,4903,-0.61%,0%,,100%,23490.22,200%,19470.00,,,,,,
240,240,SPY,CALL,Vi,2026-01-30T00:00:00.000,2026-01-30T18:49:00.000,0d 18h 49m,,,,,1,30,60,30,100.00%,4933,0.00%,+0.61%,,300%,23580.22,200%,19530.00,,,,,,
241,241,SPY,CALL,Lu,2026-02-02T00:00:00.000,2026-02-02T17:58:00.000,0d 17h 58m,,,,,1,60,120,60,100.00%,4993,1.22%,+1.22%,,80%,23628.22,200%,19650.00,,,,,,
242,242,SPY,PUT,Ma,2026-02-03T00:00:00.000,2026-02-03T14:06:00.000,0d 14h 06m,,,,,1,30,0,-30,-100.00%,4963,-0.60%,-0.60%,,300%,23718.22,200%,19710.00,,,,,,
243,243,SPY,PUT,Mi,2026-02-04T00:00:00.000,2026-02-04T04:59:00.000,0d 4h 59m,,,,,1,30,0,-30,-100.00%,4933,-1.20%,-0.60%,,100%,23748.22,200%,19770.00,,,,,,
244,244,SPY,PUT,Ju,2026-02-05T00:00:00.000,2026-02-05T02:51:00.000,0d 2h 51m,,,,,1,30,0,-30,-100.00%,4903,-1.80%,-0.61%,,300%,23838.22,200%,19830.00,,,,,,
245,245,SPY,CALL,Vi,2026-02-06T00:00:00.000,2026-02-06T23:10:00.000,0d 23h 10m,,,,,1,30,0,-30,-100.00%,4873,-2.40%,-0.61%,,80%,23862.22,200%,19890.00,,,,,,
246,246,SPY,PUT,Lu,2026-02-09T00:00:00.000,2026-02-09T01:01:00.000,0d 1h 01m,,,,,1,30,0,-30,-100.00%,4843,-3.00%,-0.62%,,500%,24012.22,200%,19950.00,,,,,,
247,247,SPY,CALL,Ma,2026-02-10T00:00:00.000,2026-02-10T20:20:00.000,0d 20h 20m,,,,,1,30,0,-30,-100.00%,4813,-3.61%,-0.62%,,500%,24162.22,200%,20010.00,,,,,,
248,248,SPY,PUT,Mi,2026-02-11T00:00:00.000,2026-02-11T17:38:00.000,0d 17h 38m,,,,,1,30,0,-30,-100.00%,4783,-4.21%,-0.62%,,500%,24312.22,200%,20070.00,,,,,,
249,249,SPY,CALL,Ju,2026-02-12T00:00:00.000,2026-02-12T04:37:00.000,0d 4h 37m,,,,,1,30,30,0,0.00%,4783,-4.21%,0%,,300%,24402.22,200%,20130.00,,,,,,
250,250,SPY,PUT,Vi,2026-02-13T00:00:00.000,2026-02-13T17:19:00.000,0d 17h 19m,,,,,1,30,30,0,0.00%,4783,-4.21%,0%,,300%,24492.22,200%,20190.00,,,,,,
251,251,SPY,PUT,Lu,2026-02-16T00:00:00.000,2026-02-16T01:09:00.000,0d 1h 09m,,,,,1,30,30,0,0.00%,4783,-4.21%,0%,,100%,24522.22,200%,20250.00,,,,,,
252,252,SPY,PUT,Ma,2026-02-17T00:00:00.000,2026-02-17T17:37:00.000,0d 17h 37m,,,,,1,30,15,-15,-50.00%,4768,-4.51%,-0.31%,,300%,24612.22,200%,20310.00,,,,,,
253,253,SPY,PUT,Mi,2026-02-18T00:00:00.000,2026-02-18T11:41:00.000,0d 11h 41m,,,,,1,60,60,0,0.00%,4768,-4.51%,0%,,80%,24660.22,200%,20430.00,,,,,,
254,254,SPY,PUT,Ju,2026-02-19T00:00:00.000,2026-02-19T19:51:00.000,0d 19h 51m,,,,,1,60,120,60,100.00%,4828,-3.30%,+1.26%,,300%,24840.22,200%,20550.00,,,,,,
255,255,SPY,PUT,Vi,2026-02-20T00:00:00.000,2026-02-20T16:44:00.000,0d 16h 44m,,,,,1,30,0,-30,-100.00%,4798,-3.91%,-0.62%,,100%,24870.22,200%,20610.00,,,,,,
256,256,SPY,CALL,Lu,2026-02-23T00:00:00.000,2026-02-23T09:08:00.000,0d 9h 08m,,,,,1,30,60,30,100.00%,4828,-3.30%,+0.63%,,300%,24960.22,200%,20670.00,,,,,,
257,257,SPY,CALL,Ma,2026-02-24T00:00:00.000,2026-02-24T07:34:00.000,0d 7h 34m,,,,,1,30,30,0,0.00%,4828,-3.30%,0%,,80%,24984.22,200%,20730.00,,,,,,
258,258,SPY,CALL,Mi,2026-02-25T00:00:00.000,2026-02-25T08:58:00.000,0d 8h 58m,,,,,1,30,30,0,0.00%,4828,-3.30%,0%,,182%,25038.82,200%,20790.00,,,,,,
259,259,SPY,PUT,Ju,2026-02-26T00:00:00.000,2026-02-26T16:11:00.000,0d 16h 11m,,,,,1,30,0,-30,-100.00%,4798,-3.91%,-0.62%,,174%,25091.02,200%,20850.00,,,,,,
260,260,SPY,PUT,Vi,2026-02-27T00:00:00.000,2026-02-27T11:51:00.000,0d 11h 51m,,,,,1,30,0,-30,-100.00%,4768,-4.51%,-0.63%,,166%,25140.82,200%,20910.00,,,,,,
261,261,RET,,Lu,2026-03-02T00:00:00.000,2026-03-02T23:10:00.000,,,0d 23h 10m,,-1000,,,,-1000,,3768,-24.53%,-20.97%,,159%,25140.82,200%,20910.00,,,,,,
262,262,SPY,CALL,Ma,2026-03-03T00:00:00.000,2026-03-03T10:14:00.000,0d 10h 14m,,,,,1,30,30,0,0.00%,3768,-24.53%,0%,,151%,25186.12,200%,20970.00,,,,,,
